resident_id,resident_name,source_filename,organized_path,status
SW-RESIDENT-001,Etta Vale,D3BE948B-1E6B-480B-8253-337AA7BAB250.png,SW-RESIDENT-001__etta-vale/01-natural-authority/etta-vale__natural-full-body__sophisticated-fashionista.jpg,FOUNDER_APPROVED
SW-RESIDENT-001,Etta Vale,2796CA93-AB24-43D1-90A3-1C3D7C81B016.png,SW-RESIDENT-001__etta-vale/02-closeups/etta-vale__closeup__sophisticated-fashionista.jpg,FOUNDER_APPROVED_REFERENCE
SW-RESIDENT-001,Etta Vale,EBFEDC59-7936-4687-9A39-0CA88A848116.png,SW-RESIDENT-001__etta-vale/03-work-uniform-candidates/etta-vale__shared-uniform-candidate__v1.jpg,CONCEPT_REFERENCE_ONLY
SW-RESIDENT-002,Zuri Xu,9A349F3E-2D87-4AA9-A066-8884AC5F411F.png,SW-RESIDENT-002__zuri-xu/01-natural-authority/zuri-xu__natural-full-body__architectural-fashion-strategist.jpg,FOUNDER_APPROVED
SW-RESIDENT-002,Zuri Xu,C541BDC8-F93F-4B0B-AAF7-FF4E0AEDB57B.png,SW-RESIDENT-002__zuri-xu/02-closeups/zuri-xu__closeup__architectural-fashion-strategist.jpg,FOUNDER_APPROVED_REFERENCE
SW-RESIDENT-002,Zuri Xu,14182919-EC3B-4EC6-A192-0B55E6E25FE7.png,SW-RESIDENT-002__zuri-xu/03-work-uniform-candidates/zuri-xu__shared-uniform-candidate__v1.jpg,CONCEPT_REFERENCE_ONLY
SW-RESIDENT-003,Jules Mercer,IMG_6238.png,SW-RESIDENT-003__jules-mercer/01-natural-authority/jules-mercer__natural-full-body__relaxed-romantic.jpg,FOUNDER_APPROVED
SW-RESIDENT-003,Jules Mercer,827885CF-0224-4B87-843B-9F4D3D4DC682.png,SW-RESIDENT-003__jules-mercer/02-closeups/jules-mercer__closeup__relaxed-romantic.jpg,FOUNDER_APPROVED_REFERENCE
SW-RESIDENT-003,Jules Mercer,39279AB8-B958-4DB6-B89A-8D3248C2326C.png,SW-RESIDENT-003__jules-mercer/03-work-uniform-candidates/jules-mercer__shared-uniform-candidate__v1.jpg,CONCEPT_REFERENCE_ONLY
SW-RESIDENT-004,Noa Kline,8141BEAD-0ABA-401D-8F71-26D1BF1978A4.png,SW-RESIDENT-004__noa-kline/01-natural-authority/noa-kline__natural-full-body__understated-systems-dad.jpg,FOUNDER_APPROVED
SW-RESIDENT-004,Noa Kline,41E61B95-7D10-4D20-BD4D-9C23322157A8.png,SW-RESIDENT-004__noa-kline/02-closeups/noa-kline__closeup-reference__01.jpg,REFERENCE_ONLY
SW-RESIDENT-004,Noa Kline,D1E1D42D-D145-4737-AE90-E386CAB8696F.png,SW-RESIDENT-004__noa-kline/02-closeups/noa-kline__closeup-reference__02.jpg,REFERENCE_ONLY
SW-RESIDENT-004,Noa Kline,FEBF8B3E-E978-49CF-BB5D-D92441188E2C.png,SW-RESIDENT-004__noa-kline/02-closeups/noa-kline__closeup-reference__03.jpg,REFERENCE_ONLY
SW-RESIDENT-004,Noa Kline,0202633E-1841-450A-891A-1FF48C69DFB8.png,SW-RESIDENT-004__noa-kline/03-work-uniform-candidates/noa-kline__shared-uniform-candidate__v1.jpg,CONCEPT_REFERENCE_ONLY
SW-RESIDENT-005,Caspian Reed,BBCAD99B-F64E-4101-8237-6A30E2A3DF43.png,SW-RESIDENT-005__caspian-reed/01-natural-authority/caspian-reed__natural-full-body__decadent-bohemian-aristocrat.jpg,FOUNDER_APPROVED
SW-RESIDENT-005,Caspian Reed,E2D5E22F-6F71-4D17-A3E5-8FA28D8F93F5.png,SW-RESIDENT-005__caspian-reed/02-closeups/caspian-reed__closeup__decadent-bohemian-aristocrat.jpg,FOUNDER_APPROVED_REFERENCE
SW-RESIDENT-005,Caspian Reed,9F733CC5-3B6D-4A84-9240-E849214B5920.png,SW-RESIDENT-005__caspian-reed/03-work-uniform-candidates/caspian-reed__shared-uniform-candidate__v1.jpg,CONCEPT_REFERENCE_ONLY
SW-RESIDENT-006,Iona Wells,IMG_6276.png,SW-RESIDENT-006__iona-wells/01-natural-authority/iona-wells__natural-full-body__precision-utilitarian.jpg,FOUNDER_APPROVED
SW-RESIDENT-006,Iona Wells,F46A6DF3-48E7-4FD9-A0AB-22F7BAF3E4E8.png,SW-RESIDENT-006__iona-wells/02-closeups/iona-wells__closeup__precision-utilitarian.jpg,FOUNDER_APPROVED_REFERENCE
SW-RESIDENT-006,Iona Wells,37BF712F-0553-4863-ACBA-DB7E13610995.png,SW-RESIDENT-006__iona-wells/03-work-uniform-candidates/iona-wells__shared-uniform-candidate__v1.jpg,CONCEPT_REFERENCE_ONLY
SW-RESIDENT-006,Iona Wells,07607EEC-49A1-44D6-A532-FD0D7AF41B52.png,SW-RESIDENT-006__iona-wells/04-alternate-modes/iona-wells__full-glam__alternate-mode.jpg,ALTERNATE_MODE_REFERENCE
SW-RESIDENT-007,Marlowe Saint,653088E8-4A41-4618-B869-9C6E96BF6B9B.png,SW-RESIDENT-007__marlowe-saint/01-natural-authority/marlowe-saint__natural-full-body__off-duty-cultural-icon.jpg,FOUNDER_APPROVED
SW-RESIDENT-007,Marlowe Saint,0D841DDD-094C-45C2-B4A1-E3A5FAF006F5.png,SW-RESIDENT-007__marlowe-saint/04-alternate-modes/marlowe-saint__grand-cultural-icon__alternate-reference.jpg,REFERENCE_ONLY
SW-RESIDENT-007,Marlowe Saint,1D701D29-55D5-4C14-9CC3-2011161E2623.png,SW-RESIDENT-007__marlowe-saint/03-work-uniform-candidates/marlowe-saint__shared-uniform-candidate__corrected-larger-body-v1.jpg,CONCEPT_REFERENCE_ONLY
SW-RESIDENT-008,Elio Vahn,589F06FC-8AE7-432C-8663-47FFDB1B400D.png,SW-RESIDENT-008__elio-vahn/01-natural-authority/elio-vahn__natural-full-body__private-club-strategist.jpg,FOUNDER_APPROVED
SW-RESIDENT-008,Elio Vahn,53E548C2-37F2-4A95-A150-24FBC3A80337.png,SW-RESIDENT-008__elio-vahn/02-closeups/elio-vahn__closeup__private-club-strategist.jpg,FOUNDER_APPROVED_REFERENCE
SW-RESIDENT-008,Elio Vahn,DE6539F4-DAFA-4062-9F5E-E6DE2C453A80.png,SW-RESIDENT-008__elio-vahn/03-work-uniform-candidates/elio-vahn__shared-uniform-candidate__v1.jpg,CONCEPT_REFERENCE_ONLY
